{"cameraMode":{"drawMode":0,"name":"Shaded","section":"Shading Mode"},"sceneLighting":false,"audioPlay":false,"sceneViewState":{"m_AlwaysRefresh":false,"showFog":true,"showSkybox":false,"showFlares":true,"showImageEffects":true,"showParticleSystems":true,"showVisualEffectGraphs":true,"m_FxEnabled":true},"in2DMode":false,"pivot":{"x":2.7820322513580324,"y":4.7390456199646,"z":6.5785441398620609},"rotation":{"x":0.26341503858566286,"y":-0.39889582991600039,"z":0.12077564746141434,"w":0.8700050711631775},"size":11.536714553833008,"orthographic":true}