{"cameraMode":{"drawMode":0,"name":"Shaded","section":"Shading Mode"},"sceneLighting":true,"audioPlay":false,"sceneViewState":{"m_AlwaysRefresh":false,"showFog":true,"showSkybox":false,"showFlares":true,"showImageEffects":true,"showParticleSystems":true,"showVisualEffectGraphs":true,"m_FxEnabled":true},"in2DMode":false,"pivot":{"x":1.613081932067871,"y":0.3035385012626648,"z":7.299323081970215},"rotation":{"x":0.23893557488918305,"y":-0.6532620191574097,"z":0.22924934327602387,"w":0.6808756589889526},"size":0.8321125507354736,"orthographic":false}