{"cameraMode":{"drawMode":0,"name":"Shaded","section":"Shading Mode"},"sceneLighting":true,"audioPlay":false,"sceneViewState":{"m_AlwaysRefresh":false,"showFog":true,"showSkybox":false,"showFlares":true,"showImageEffects":true,"showParticleSystems":true,"showVisualEffectGraphs":true,"m_FxEnabled":true},"in2DMode":false,"pivot":{"x":-0.1544651985168457,"y":-2.902764081954956,"z":0.5067167282104492},"rotation":{"x":-0.012784144841134549,"y":-0.9814229011535645,"z":0.17797896265983582,"w":-0.07049263268709183},"size":5.632326602935791,"orthographic":false}