{"cameraMode":{"drawMode":0,"name":"Shaded","section":"Shading Mode"},"sceneLighting":true,"audioPlay":false,"sceneViewState":{"m_AlwaysRefresh":false,"showFog":true,"showSkybox":false,"showFlares":true,"showImageEffects":true,"showParticleSystems":true,"showVisualEffectGraphs":true,"m_FxEnabled":true},"in2DMode":false,"pivot":{"x":-3.9324798583984377,"y":-3.0666282176971437,"z":-13.763911247253418},"rotation":{"x":-0.006274365354329348,"y":0.9937705397605896,"z":-0.07047339528799057,"w":-0.08565619587898255},"size":9.282628059387207,"orthographic":false}