{"cameraMode":{"drawMode":0,"name":"Shaded","section":"Shading Mode"},"sceneLighting":true,"audioPlay":false,"sceneViewState":{"m_AlwaysRefresh":false,"showFog":true,"showSkybox":false,"showFlares":true,"showImageEffects":true,"showParticleSystems":true,"showVisualEffectGraphs":true,"m_FxEnabled":true},"in2DMode":false,"pivot":{"x":3.2069544792175295,"y":-2.0636019706726076,"z":1.9204316139221192},"rotation":{"x":-0.08402187377214432,"y":-0.9125778079032898,"z":0.32117000222206118,"w":-0.23875392973423005},"size":4.16403865814209,"orthographic":false}