{"cameraMode":{"drawMode":0,"name":"Shaded","section":"Shading Mode"},"sceneLighting":true,"audioPlay":false,"sceneViewState":{"m_AlwaysRefresh":false,"showFog":true,"showSkybox":false,"showFlares":true,"showImageEffects":true,"showParticleSystems":true,"showVisualEffectGraphs":true,"m_FxEnabled":true},"in2DMode":false,"pivot":{"x":3.455742835998535,"y":-0.6019061803817749,"z":5.429024696350098},"rotation":{"x":0.2858697772026062,"y":0.05458267778158188,"z":-0.016316533088684083,"w":0.9565781354904175},"size":3.978956699371338,"orthographic":true}