{"cameraMode":{"drawMode":0,"name":"Shaded","section":"Shading Mode"},"sceneLighting":false,"audioPlay":false,"sceneViewState":{"m_AlwaysRefresh":false,"showFog":true,"showSkybox":false,"showFlares":true,"showImageEffects":true,"showParticleSystems":true,"showVisualEffectGraphs":true,"m_FxEnabled":true},"in2DMode":false,"pivot":{"x":-1.1395142078399659,"y":0.14860785007476808,"z":-0.7874020338058472},"rotation":{"x":-0.07556213438510895,"y":0.8313071727752686,"z":-0.1167246624827385,"w":-0.5381349325180054},"size":2.0886058807373049,"orthographic":false}