{"cameraMode":{"drawMode":0,"name":"Shaded","section":"Shading Mode"},"sceneLighting":false,"audioPlay":false,"sceneViewState":{"m_AlwaysRefresh":false,"showFog":true,"showSkybox":false,"showFlares":true,"showImageEffects":true,"showParticleSystems":true,"showVisualEffectGraphs":true,"m_FxEnabled":true},"in2DMode":false,"pivot":{"x":0.02329432964324951,"y":-0.05392122268676758,"z":-1.0770440101623536},"rotation":{"x":0.017727451398968698,"y":0.969083845615387,"z":-0.2349938154220581,"w":0.07310652732849121},"size":3.236778497695923,"orthographic":true}