{"cameraMode":{"drawMode":0,"name":"Shaded","section":"Shading Mode"},"sceneLighting":false,"audioPlay":false,"sceneViewState":{"m_AlwaysRefresh":false,"showFog":true,"showSkybox":false,"showFlares":true,"showImageEffects":true,"showParticleSystems":true,"showVisualEffectGraphs":true,"m_FxEnabled":true},"in2DMode":false,"pivot":{"x":0.4966883957386017,"y":0.35274261236190798,"z":1.3537517786026},"rotation":{"x":-0.05844448506832123,"y":-0.10182594507932663,"z":0.0062407017685472969,"w":-0.9930470585823059},"size":3.0205612182617189,"orthographic":false}