{"cameraMode":{"drawMode":0,"name":"Shaded","section":"Shading Mode"},"sceneLighting":false,"audioPlay":false,"sceneViewState":{"m_AlwaysRefresh":false,"showFog":true,"showSkybox":false,"showFlares":true,"showImageEffects":true,"showParticleSystems":true,"showVisualEffectGraphs":true,"m_FxEnabled":true},"in2DMode":false,"pivot":{"x":0.4590266942977905,"y":1.1929471492767335,"z":-2.9689207077026369},"rotation":{"x":0.12162228673696518,"y":0.24966798722743989,"z":-0.031625743955373767,"w":0.9601428508758545},"size":3.723306655883789,"orthographic":true}