{"cameraMode":{"drawMode":0,"name":"Shaded","section":"Shading Mode"},"sceneLighting":true,"audioPlay":false,"sceneViewState":{"m_AlwaysRefresh":false,"showFog":true,"showSkybox":false,"showFlares":true,"showImageEffects":true,"showParticleSystems":true,"showVisualEffectGraphs":true,"m_FxEnabled":true},"in2DMode":false,"pivot":{"x":7.879106521606445,"y":-0.9291608333587647,"z":13.850293159484864},"rotation":{"x":-0.0005661988398060203,"y":0.34806233644485476,"z":0.00020370862330310047,"w":0.9374803900718689},"size":7.558681488037109,"orthographic":false}