{"cameraMode":{"drawMode":0,"name":"Shaded","section":"Shading Mode"},"sceneLighting":true,"audioPlay":false,"sceneViewState":{"m_AlwaysRefresh":false,"showFog":true,"showSkybox":false,"showFlares":true,"showImageEffects":true,"showParticleSystems":true,"showVisualEffectGraphs":true,"m_FxEnabled":true},"in2DMode":false,"pivot":{"x":0.9044533967971802,"y":0.16129183769226075,"z":3.545095682144165},"rotation":{"x":0.26529496908187868,"y":-0.25089699029922488,"z":0.07171160727739334,"w":0.9281851649284363},"size":1.2219715118408204,"orthographic":false}