{"cameraMode":{"drawMode":0,"name":"Shaded","section":"Shading Mode"},"sceneLighting":true,"audioPlay":false,"sceneViewState":{"m_AlwaysRefresh":false,"showFog":true,"showSkybox":false,"showFlares":true,"showImageEffects":true,"showParticleSystems":true,"showVisualEffectGraphs":true,"m_FxEnabled":true},"in2DMode":false,"pivot":{"x":13.168729782104493,"y":-1.4436509609222413,"z":7.868679523468018},"rotation":{"x":0.009000846184790135,"y":0.6130825281143189,"z":-0.006992937531322241,"w":0.7899477481842041},"size":7.558681488037109,"orthographic":false}