{"cameraMode":{"drawMode":0,"name":"Shaded","section":"Shading Mode"},"sceneLighting":true,"audioPlay":false,"sceneViewState":{"m_AlwaysRefresh":false,"showFog":true,"showSkybox":false,"showFlares":true,"showImageEffects":true,"showParticleSystems":true,"showVisualEffectGraphs":true,"m_FxEnabled":true},"in2DMode":false,"pivot":{"x":-4.319971561431885,"y":-4.7496209144592289,"z":-13.181049346923829},"rotation":{"x":0.010391193442046643,"y":-0.9839068055152893,"z":0.16777807474136353,"w":0.06087832897901535},"size":8.608243942260743,"orthographic":false}