{"cameraMode":{"drawMode":0,"name":"Shaded","section":"Shading Mode"},"sceneLighting":false,"audioPlay":false,"sceneViewState":{"m_AlwaysRefresh":false,"showFog":true,"showSkybox":false,"showFlares":true,"showImageEffects":true,"showParticleSystems":true,"showVisualEffectGraphs":true,"m_FxEnabled":true},"in2DMode":false,"pivot":{"x":-0.6137809157371521,"y":0.29458022117614748,"z":-0.33447280526161196},"rotation":{"x":0.01165824569761753,"y":-0.9855412244796753,"z":0.07432978600263596,"w":0.15154241025447846},"size":0.903254508972168,"orthographic":false}