{"cameraMode":{"drawMode":0,"name":"Shaded","section":"Shading Mode"},"sceneLighting":false,"audioPlay":false,"sceneViewState":{"m_AlwaysRefresh":false,"showFog":true,"showSkybox":false,"showFlares":true,"showImageEffects":true,"showParticleSystems":true,"showVisualEffectGraphs":true,"m_FxEnabled":true},"in2DMode":false,"pivot":{"x":0.3723830282688141,"y":-0.40461236238479617,"z":0.9666230082511902},"rotation":{"x":-0.14826302230358125,"y":-0.00015596512821502984,"z":0.00028207097784616053,"w":-0.9889495968818665},"size":2.2456445693969728,"orthographic":false}