{"cameraMode":{"drawMode":0,"name":"Shaded","section":"Shading Mode"},"sceneLighting":false,"audioPlay":false,"sceneViewState":{"m_AlwaysRefresh":false,"showFog":true,"showSkybox":false,"showFlares":true,"showImageEffects":true,"showParticleSystems":true,"showVisualEffectGraphs":true,"m_FxEnabled":true},"in2DMode":false,"pivot":{"x":0.09060817956924439,"y":0.12218630313873291,"z":1.0917067527770997},"rotation":{"x":-0.09762734919786453,"y":0.026697663590312005,"z":-0.0023626787588000299,"w":-0.9948632121086121},"size":5.630154609680176,"orthographic":false}