{"cameraMode":{"drawMode":0,"name":"Shaded","section":"Shading Mode"},"sceneLighting":false,"audioPlay":false,"sceneViewState":{"m_AlwaysRefresh":false,"showFog":true,"showSkybox":false,"showFlares":true,"showImageEffects":true,"showParticleSystems":true,"showVisualEffectGraphs":true,"m_FxEnabled":true},"in2DMode":false,"pivot":{"x":-0.5566822290420532,"y":0.5245757102966309,"z":0.7977628707885742},"rotation":{"x":0.029767325147986413,"y":-0.9424907565116882,"z":0.321247935295105,"w":0.08733320981264115},"size":2.0445351600646974,"orthographic":false}