{"cameraMode":{"drawMode":0,"name":"Shaded","section":"Shading Mode"},"sceneLighting":false,"audioPlay":false,"sceneViewState":{"m_AlwaysRefresh":false,"showFog":true,"showSkybox":false,"showFlares":true,"showImageEffects":true,"showParticleSystems":true,"showVisualEffectGraphs":true,"m_FxEnabled":true},"in2DMode":false,"pivot":{"x":-0.5400854349136353,"y":-0.3689059019088745,"z":0.20736905932426454},"rotation":{"x":0.13309988379478455,"y":-0.7352355122566223,"z":0.15117965638637544,"w":0.6471810340881348},"size":0.6618121862411499,"orthographic":false}