{"cameraMode":{"drawMode":0,"name":"Shaded","section":"Shading Mode"},"sceneLighting":false,"audioPlay":false,"sceneViewState":{"m_AlwaysRefresh":false,"showFog":true,"showSkybox":false,"showFlares":true,"showImageEffects":true,"showParticleSystems":true,"showVisualEffectGraphs":true,"m_FxEnabled":true},"in2DMode":false,"pivot":{"x":0.046455804258584979,"y":-0.037651099264621738,"z":0.6652559041976929},"rotation":{"x":0.11731193214654923,"y":-0.7254188656806946,"z":0.12773175537586213,"w":0.6660920977592468},"size":3.316016912460327,"orthographic":false}