{"cameraMode":{"drawMode":0,"name":"Shaded","section":"Shading Mode"},"sceneLighting":false,"audioPlay":false,"sceneViewState":{"m_AlwaysRefresh":false,"showFog":true,"showSkybox":false,"showFlares":true,"showImageEffects":true,"showParticleSystems":true,"showVisualEffectGraphs":true,"m_FxEnabled":true},"in2DMode":false,"pivot":{"x":-0.45837461948394778,"y":-0.0922061949968338,"z":-0.29156914353370669},"rotation":{"x":0.04649708792567253,"y":-0.8629015684127808,"z":0.08074401319026947,"w":0.4966922402381897},"size":0.6618121862411499,"orthographic":false}