{"cameraMode":{"drawMode":0,"name":"Shaded","section":"Shading Mode"},"sceneLighting":false,"audioPlay":false,"sceneViewState":{"m_AlwaysRefresh":false,"showFog":true,"showSkybox":false,"showFlares":true,"showImageEffects":true,"showParticleSystems":true,"showVisualEffectGraphs":true,"m_FxEnabled":true},"in2DMode":false,"pivot":{"x":2.271812677383423,"y":-2.8029308319091799,"z":1.4172396659851075},"rotation":{"x":0.5618423819541931,"y":-0.05079900845885277,"z":0.03459693491458893,"w":0.8249584436416626},"size":11.160680770874024,"orthographic":false}