{"cameraMode":{"drawMode":0,"name":"Shaded","section":"Shading Mode"},"sceneLighting":true,"audioPlay":false,"sceneViewState":{"m_AlwaysRefresh":false,"showFog":true,"showSkybox":false,"showFlares":true,"showImageEffects":true,"showParticleSystems":true,"showVisualEffectGraphs":true,"m_FxEnabled":true},"in2DMode":false,"pivot":{"x":-0.5928747653961182,"y":0.6410791873931885,"z":4.315312385559082},"rotation":{"x":0.09262952208518982,"y":-0.07102931290864945,"z":0.006624816916882992,"w":0.99314284324646},"size":1.2315751314163209,"orthographic":false}