{"cameraMode":{"drawMode":0,"name":"Shaded","section":"Shading Mode"},"sceneLighting":true,"audioPlay":false,"sceneViewState":{"m_AlwaysRefresh":false,"showFog":true,"showSkybox":false,"showFlares":true,"showImageEffects":true,"showParticleSystems":true,"showVisualEffectGraphs":true,"m_FxEnabled":true},"in2DMode":false,"pivot":{"x":-9.925546646118164,"y":0.3315678536891937,"z":10.254975318908692},"rotation":{"x":-0.08660392463207245,"y":0.5231964588165283,"z":-0.05355226621031761,"w":-0.8461126089096069},"size":1.2315751314163209,"orthographic":false}