{"cameraMode":{"drawMode":0,"name":"Shaded","section":"Shading Mode"},"sceneLighting":true,"audioPlay":false,"sceneViewState":{"m_AlwaysRefresh":false,"showFog":true,"showSkybox":false,"showFlares":true,"showImageEffects":true,"showParticleSystems":true,"showVisualEffectGraphs":true,"m_FxEnabled":true},"in2DMode":false,"pivot":{"x":-0.8652465343475342,"y":0.7797974944114685,"z":9.423835754394532},"rotation":{"x":0.02099708840250969,"y":-0.011395416222512722,"z":0.00023931014584377408,"w":0.9997150897979736},"size":2.5148208141326906,"orthographic":false}