{"cameraMode":{"drawMode":0,"name":"Shaded","section":"Shading Mode"},"sceneLighting":true,"audioPlay":false,"sceneViewState":{"m_AlwaysRefresh":false,"showFog":true,"showSkybox":false,"showFlares":true,"showImageEffects":true,"showParticleSystems":true,"showVisualEffectGraphs":true,"m_FxEnabled":true},"in2DMode":false,"pivot":{"x":-4.538935661315918,"y":-0.10824573040008545,"z":10.695321083068848},"rotation":{"x":-0.05583741515874863,"y":-0.9247658252716065,"z":0.15005946159362794,"w":-0.34504806995391848},"size":0.7247565984725952,"orthographic":false}