{"cameraMode":{"drawMode":0,"name":"Shaded","section":"Shading Mode"},"sceneLighting":false,"audioPlay":false,"sceneViewState":{"m_AlwaysRefresh":false,"showFog":true,"showSkybox":false,"showFlares":true,"showImageEffects":true,"showParticleSystems":true,"showVisualEffectGraphs":true,"m_FxEnabled":true},"in2DMode":false,"pivot":{"x":-2.091216802597046,"y":0.15464749932289124,"z":0.5074564218521118},"rotation":{"x":-0.020944129675626756,"y":-0.7074479460716248,"z":-0.02103658951818943,"w":0.7061465978622437},"size":1.2948671579360963,"orthographic":false}