{"cameraMode":{"drawMode":0,"name":"Shaded","section":"Shading Mode"},"sceneLighting":false,"audioPlay":false,"sceneViewState":{"m_AlwaysRefresh":false,"showFog":true,"showSkybox":false,"showFlares":true,"showImageEffects":true,"showParticleSystems":true,"showVisualEffectGraphs":true,"m_FxEnabled":true},"in2DMode":false,"pivot":{"x":-1.1644421815872193,"y":-0.1846032738685608,"z":-0.17611530423164369},"rotation":{"x":0.08150852471590042,"y":-0.7363622188568115,"z":0.09011857211589813,"w":0.6656065583229065},"size":0.9943231344223023,"orthographic":false}