{"cameraMode":{"drawMode":0,"name":"Shaded","section":"Shading Mode"},"sceneLighting":false,"audioPlay":false,"sceneViewState":{"m_AlwaysRefresh":false,"showFog":true,"showSkybox":false,"showFlares":true,"showImageEffects":true,"showParticleSystems":true,"showVisualEffectGraphs":true,"m_FxEnabled":true},"in2DMode":false,"pivot":{"x":-1.165419101715088,"y":-0.17881184816360475,"z":0.21706241369247437},"rotation":{"x":0.08915537595748902,"y":-0.6648824214935303,"z":0.0803535208106041,"w":0.7372606992721558},"size":0.9943231344223023,"orthographic":false}