{"cameraMode":{"drawMode":0,"name":"Shaded","section":"Shading Mode"},"sceneLighting":false,"audioPlay":false,"sceneViewState":{"m_AlwaysRefresh":false,"showFog":true,"showSkybox":false,"showFlares":true,"showImageEffects":true,"showParticleSystems":true,"showVisualEffectGraphs":true,"m_FxEnabled":true},"in2DMode":false,"pivot":{"x":-0.03316545486450195,"y":0.7286391854286194,"z":0.2810365855693817},"rotation":{"x":-0.013793745078146458,"y":0.7897913455963135,"z":-0.017773278057575227,"w":-0.6129606366157532},"size":0.8985603451728821,"orthographic":false}