{"cameraMode":{"drawMode":0,"name":"Shaded","section":"Shading Mode"},"sceneLighting":false,"audioPlay":false,"sceneViewState":{"m_AlwaysRefresh":false,"showFog":true,"showSkybox":false,"showFlares":true,"showImageEffects":true,"showParticleSystems":true,"showVisualEffectGraphs":true,"m_FxEnabled":true},"in2DMode":false,"pivot":{"x":2.2164559364318849,"y":1.6952625513076783,"z":8.982545852661133},"rotation":{"x":-0.0018632140709087253,"y":0.9983909726142883,"z":-0.03775709867477417,"w":-0.042439453303813937},"size":3.744921922683716,"orthographic":false}