{"cameraMode":{"drawMode":0,"name":"Shaded","section":"Shading Mode"},"sceneLighting":false,"audioPlay":false,"sceneViewState":{"m_AlwaysRefresh":false,"showFog":true,"showSkybox":false,"showFlares":true,"showImageEffects":true,"showParticleSystems":true,"showVisualEffectGraphs":true,"m_FxEnabled":true},"in2DMode":false,"pivot":{"x":7.108652114868164,"y":-0.33965373039245608,"z":10.838470458984375},"rotation":{"x":-0.05618121102452278,"y":-0.9325960874557495,"z":0.16719838976860047,"w":-0.31490737199783327},"size":3.744921922683716,"orthographic":false}