{"cameraMode":{"drawMode":0,"name":"Shaded","section":"Shading Mode"},"sceneLighting":true,"audioPlay":false,"sceneViewState":{"m_AlwaysRefresh":false,"showFog":true,"showSkybox":true,"showFlares":true,"showImageEffects":true,"showParticleSystems":true,"showVisualEffectGraphs":true,"m_FxEnabled":true},"in2DMode":false,"pivot":{"x":1.3402434587478638,"y":1.9758691787719727,"z":-0.22535622119903565},"rotation":{"x":-0.1977011114358902,"y":-0.2941451370716095,"z":0.062345974147319797,"w":-0.9330210089683533},"size":1.0271319150924683,"orthographic":false}