{"cameraMode":{"drawMode":0,"name":"Shaded","section":"Shading Mode"},"sceneLighting":true,"audioPlay":false,"sceneViewState":{"m_AlwaysRefresh":false,"showFog":true,"showSkybox":true,"showFlares":true,"showImageEffects":true,"showParticleSystems":true,"showVisualEffectGraphs":true,"m_FxEnabled":true},"in2DMode":false,"pivot":{"x":-9.106910705566407,"y":-1.194006085395813,"z":-14.826628684997559},"rotation":{"x":-0.016426000744104387,"y":0.7458831667900086,"z":-0.017924735322594644,"w":-0.6656500101089478},"size":3.8282432556152345,"orthographic":false}