{"cameraMode":{"drawMode":0,"name":"Shaded","section":"Shading Mode"},"sceneLighting":true,"audioPlay":false,"sceneViewState":{"m_AlwaysRefresh":false,"showFog":true,"showSkybox":true,"showFlares":true,"showImageEffects":true,"showParticleSystems":true,"showVisualEffectGraphs":true,"m_FxEnabled":true},"in2DMode":false,"pivot":{"x":-32.73966979980469,"y":-1.4560041427612305,"z":-55.75876998901367},"rotation":{"x":0.09251338243484497,"y":-0.46573275327682497,"z":-0.04859473556280136,"w":-0.8787708878517151},"size":0.22838598489761353,"orthographic":false}