{"cameraMode":{"drawMode":0,"name":"Shaded","section":"Shading Mode"},"sceneLighting":true,"audioPlay":false,"sceneViewState":{"m_AlwaysRefresh":false,"showFog":true,"showSkybox":true,"showFlares":true,"showImageEffects":true,"showParticleSystems":true,"showVisualEffectGraphs":true,"m_FxEnabled":true},"in2DMode":false,"pivot":{"x":64.5042724609375,"y":101.40300750732422,"z":-46.373802185058597},"rotation":{"x":0.4347049593925476,"y":-0.10442208498716355,"z":0.050829268991947177,"w":0.8930560350418091},"size":0.17842213809490205,"orthographic":false}