{"cameraMode":{"drawMode":0,"name":"Shaded","section":"Shading Mode"},"sceneLighting":false,"audioPlay":false,"sceneViewState":{"m_AlwaysRefresh":false,"showFog":true,"showSkybox":false,"showFlares":true,"showImageEffects":true,"showParticleSystems":true,"showVisualEffectGraphs":true,"m_FxEnabled":true},"in2DMode":false,"pivot":{"x":-1.037550926208496,"y":0.3775995969772339,"z":0.059763941913843158},"rotation":{"x":-0.044563207775354388,"y":-0.7358548641204834,"z":0.04903768002986908,"w":-0.6738335490226746},"size":0.01782105676829815,"orthographic":false}