{"cameraMode":{"drawMode":0,"name":"Shaded","section":"Shading Mode"},"sceneLighting":false,"audioPlay":false,"sceneViewState":{"m_AlwaysRefresh":false,"showFog":true,"showSkybox":false,"showFlares":true,"showImageEffects":true,"showParticleSystems":true,"showVisualEffectGraphs":true,"m_FxEnabled":true},"in2DMode":false,"pivot":{"x":-1.0276390314102173,"y":0.4041912853717804,"z":0.09568316489458084},"rotation":{"x":-0.008903607726097107,"y":-0.7524197697639465,"z":0.010561037808656693,"w":-0.6584835052490234},"size":0.13813813030719758,"orthographic":false}