{"cameraMode":{"drawMode":0,"name":"Shaded","section":"Shading Mode"},"sceneLighting":false,"audioPlay":false,"sceneViewState":{"m_AlwaysRefresh":false,"showFog":true,"showSkybox":false,"showFlares":true,"showImageEffects":true,"showParticleSystems":true,"showVisualEffectGraphs":true,"m_FxEnabled":true},"in2DMode":false,"pivot":{"x":0.1042214035987854,"y":0.6180950999259949,"z":-0.9966883063316345},"rotation":{"x":-0.004942521918565035,"y":-0.992082953453064,"z":0.1184295266866684,"w":-0.041720036417245868},"size":0.8660253882408142,"orthographic":false}