{"cameraMode":{"drawMode":0,"name":"Shaded","section":"Shading Mode"},"sceneLighting":false,"audioPlay":false,"sceneViewState":{"m_AlwaysRefresh":false,"showFog":true,"showSkybox":false,"showFlares":true,"showImageEffects":true,"showParticleSystems":true,"showVisualEffectGraphs":true,"m_FxEnabled":true},"in2DMode":false,"pivot":{"x":-0.07115299254655838,"y":0.4292486310005188,"z":-0.944968044757843},"rotation":{"x":0.001869292464107275,"y":-0.9845401048660278,"z":0.17489804327487946,"w":0.010308126918971539},"size":0.8660253882408142,"orthographic":false}