{"cameraMode":{"drawMode":0,"name":"Shaded","section":"Shading Mode"},"sceneLighting":false,"audioPlay":false,"sceneViewState":{"m_AlwaysRefresh":false,"showFog":true,"showSkybox":false,"showFlares":true,"showImageEffects":true,"showParticleSystems":true,"showVisualEffectGraphs":true,"m_FxEnabled":true},"in2DMode":false,"pivot":{"x":3.336371421813965,"y":1.6156501770019532,"z":-1.5474365949630738},"rotation":{"x":-0.02534717321395874,"y":0.8351225852966309,"z":0.03859322518110275,"w":0.5481005311012268},"size":2.8355398178100588,"orthographic":false}