{"cameraMode":{"drawMode":0,"name":"Shaded","section":"Shading Mode"},"sceneLighting":false,"audioPlay":false,"sceneViewState":{"m_AlwaysRefresh":false,"showFog":true,"showSkybox":false,"showFlares":true,"showImageEffects":true,"showParticleSystems":true,"showVisualEffectGraphs":true,"m_FxEnabled":true},"in2DMode":false,"pivot":{"x":0.19312220811843873,"y":0.1252061277627945,"z":0.008979454636573792},"rotation":{"x":0.036684054881334308,"y":-0.24221235513687135,"z":0.00912625901401043,"w":0.9694985151290894},"size":0.8803160190582275,"orthographic":false}