{"cameraMode":{"drawMode":0,"name":"Shaded","section":"Shading Mode"},"sceneLighting":false,"audioPlay":false,"sceneViewState":{"m_AlwaysRefresh":false,"showFog":true,"showSkybox":false,"showFlares":true,"showImageEffects":true,"showParticleSystems":true,"showVisualEffectGraphs":true,"m_FxEnabled":true},"in2DMode":false,"pivot":{"x":-0.26329249143600466,"y":0.00011420994997024536,"z":-0.0430000014603138},"rotation":{"x":0.21163327991962434,"y":-0.5143260359764099,"z":0.13240335881710053,"w":0.8204466700553894},"size":0.08849919587373734,"orthographic":false}