{"cameraMode":{"drawMode":0,"name":"Shaded","section":"Shading Mode"},"sceneLighting":true,"audioPlay":false,"sceneViewState":{"m_AlwaysRefresh":false,"showFog":true,"showSkybox":false,"showFlares":true,"showImageEffects":true,"showParticleSystems":true,"showVisualEffectGraphs":true,"m_FxEnabled":true},"in2DMode":false,"pivot":{"x":-0.20025038719177247,"y":0.3563557267189026,"z":5.308487892150879},"rotation":{"x":0.009277044795453549,"y":0.9820244908332825,"z":-0.050126735121011737,"w":0.18174387514591218},"size":3.4449691772460939,"orthographic":false}