{"cameraMode":{"drawMode":0,"name":"Shaded","section":"Shading Mode"},"sceneLighting":true,"audioPlay":false,"sceneViewState":{"m_AlwaysRefresh":false,"showFog":true,"showSkybox":false,"showFlares":true,"showImageEffects":true,"showParticleSystems":true,"showVisualEffectGraphs":true,"m_FxEnabled":true},"in2DMode":false,"pivot":{"x":-0.19969987869262696,"y":-0.9723497629165649,"z":7.5569000244140629},"rotation":{"x":-0.009947223588824273,"y":0.9830388426780701,"z":-0.05609417334198952,"w":-0.1743151843547821},"size":3.4449691772460939,"orthographic":false}