{"cameraMode":{"drawMode":0,"name":"Shaded","section":"Shading Mode"},"sceneLighting":true,"audioPlay":false,"sceneViewState":{"m_AlwaysRefresh":false,"showFog":true,"showSkybox":false,"showFlares":true,"showImageEffects":true,"showParticleSystems":true,"showVisualEffectGraphs":true,"m_FxEnabled":true},"in2DMode":false,"pivot":{"x":-6.805675506591797,"y":0.8341107368469238,"z":8.209585189819336},"rotation":{"x":0.0038365444634109737,"y":-0.9108379483222961,"z":0.41266652941703799,"w":0.008467566221952439},"size":7.266104221343994,"orthographic":true}