{"cameraMode":{"drawMode":0,"name":"Shaded","section":"Shading Mode"},"sceneLighting":false,"audioPlay":false,"sceneViewState":{"m_AlwaysRefresh":false,"showFog":true,"showSkybox":false,"showFlares":true,"showImageEffects":true,"showParticleSystems":true,"showVisualEffectGraphs":true,"m_FxEnabled":true},"in2DMode":false,"pivot":{"x":-1.4098387956619263,"y":0.22772246599197389,"z":0.45406675338745119},"rotation":{"x":0.18007104098796845,"y":0.4927386939525604,"z":-0.10502350330352783,"w":0.844839334487915},"size":1.8551161289215088,"orthographic":true}