{"cameraMode":{"drawMode":0,"name":"Shaded","section":"Shading Mode"},"sceneLighting":false,"audioPlay":false,"sceneViewState":{"m_AlwaysRefresh":false,"showFog":true,"showSkybox":false,"showFlares":true,"showImageEffects":true,"showParticleSystems":true,"showVisualEffectGraphs":true,"m_FxEnabled":true},"in2DMode":false,"pivot":{"x":0.9958988428115845,"y":-0.4998455047607422,"z":-1.0047378540039063},"rotation":{"x":0.08116105943918228,"y":0.8552618622779846,"z":-0.14109459519386292,"w":0.49196434020996096},"size":1.7332359552383423,"orthographic":false}