{"cameraMode":{"drawMode":0,"name":"Shaded","section":"Shading Mode"},"sceneLighting":false,"audioPlay":false,"sceneViewState":{"m_AlwaysRefresh":false,"showFog":true,"showSkybox":false,"showFlares":true,"showImageEffects":true,"showParticleSystems":true,"showVisualEffectGraphs":true,"m_FxEnabled":true},"in2DMode":false,"pivot":{"x":-6.1527509689331059,"y":-1.1267333030700684,"z":2.2525110244750978},"rotation":{"x":0.15940551459789277,"y":-0.47435009479522707,"z":0.08778854459524155,"w":0.8613237142562866},"size":5.902185440063477,"orthographic":false}