{"cameraMode":{"drawMode":0,"name":"Shaded","section":"Shading Mode"},"sceneLighting":true,"audioPlay":false,"sceneViewState":{"m_AlwaysRefresh":false,"showFog":true,"showSkybox":false,"showFlares":true,"showImageEffects":true,"showParticleSystems":true,"showVisualEffectGraphs":true,"m_FxEnabled":true},"in2DMode":false,"pivot":{"x":-0.4277096390724182,"y":-1.3843337297439576,"z":2.6267008781433107},"rotation":{"x":0.00818262156099081,"y":-0.9807136654853821,"z":0.1906452476978302,"w":0.0420963279902935},"size":1.8202235698699952,"orthographic":false}