{"cameraMode":{"drawMode":0,"name":"Shaded","section":"Shading Mode"},"sceneLighting":true,"audioPlay":false,"sceneViewState":{"m_AlwaysRefresh":false,"showFog":true,"showSkybox":false,"showFlares":true,"showImageEffects":true,"showParticleSystems":true,"showVisualEffectGraphs":true,"m_FxEnabled":true},"in2DMode":false,"pivot":{"x":0.39156922698020937,"y":-1.1794854402542115,"z":2.5795230865478517},"rotation":{"x":-0.012424188666045666,"y":-0.9839672446250916,"z":0.1608116179704666,"w":-0.07601672410964966},"size":1.8202235698699952,"orthographic":false}