{"cameraMode":{"drawMode":0,"name":"Shaded","section":"Shading Mode"},"sceneLighting":true,"audioPlay":false,"sceneViewState":{"m_AlwaysRefresh":false,"showFog":true,"showSkybox":false,"showFlares":true,"showImageEffects":true,"showParticleSystems":true,"showVisualEffectGraphs":true,"m_FxEnabled":true},"in2DMode":false,"pivot":{"x":-8.13967227935791,"y":-0.35252198576927187,"z":-6.4585089683532719},"rotation":{"x":-0.01509912870824337,"y":0.9110133051872253,"z":-0.033015958964824679,"w":-0.41065096855163576},"size":7.817903995513916,"orthographic":false}