{"cameraMode":{"drawMode":0,"name":"Shaded","section":"Shading Mode"},"sceneLighting":false,"audioPlay":false,"sceneViewState":{"m_AlwaysRefresh":false,"showFog":true,"showSkybox":false,"showFlares":true,"showImageEffects":true,"showParticleSystems":true,"showVisualEffectGraphs":true,"m_FxEnabled":true},"in2DMode":false,"pivot":{"x":0.10290086269378662,"y":-0.9529842138290405,"z":3.596151351928711},"rotation":{"x":0.11258464306592941,"y":-0.0996871292591095,"z":0.011353282257914544,"w":0.9885666370391846},"size":2.8362128734588625,"orthographic":false}