{"cameraMode":{"drawMode":0,"name":"Shaded","section":"Shading Mode"},"sceneLighting":false,"audioPlay":false,"sceneViewState":{"m_AlwaysRefresh":false,"showFog":true,"showSkybox":false,"showFlares":true,"showImageEffects":true,"showParticleSystems":true,"showVisualEffectGraphs":true,"m_FxEnabled":true},"in2DMode":false,"pivot":{"x":0.33905625343322756,"y":0.339214563369751,"z":0.48834729194641116},"rotation":{"x":-0.039555661380290988,"y":0.8591834306716919,"z":0.06677178293466568,"w":0.5057064890861511},"size":0.6604257822036743,"orthographic":false}