{"cameraMode":{"drawMode":0,"name":"Shaded","section":"Shading Mode"},"sceneLighting":false,"audioPlay":false,"sceneViewState":{"m_AlwaysRefresh":false,"showFog":true,"showSkybox":false,"showFlares":true,"showImageEffects":true,"showParticleSystems":true,"showVisualEffectGraphs":true,"m_FxEnabled":true},"in2DMode":false,"pivot":{"x":-2.1775166988372804,"y":-0.4169665277004242,"z":-1.515614628791809},"rotation":{"x":0.06310546398162842,"y":-0.8813011050224304,"z":0.12257634848356247,"w":0.45196887850761416},"size":2.1750550270080568,"orthographic":false}