{"cameraMode":{"drawMode":0,"name":"Shaded","section":"Shading Mode"},"sceneLighting":false,"audioPlay":false,"sceneViewState":{"m_AlwaysRefresh":false,"showFog":true,"showSkybox":false,"showFlares":true,"showImageEffects":true,"showParticleSystems":true,"showVisualEffectGraphs":true,"m_FxEnabled":true},"in2DMode":false,"pivot":{"x":0.17719070613384248,"y":0.6881442666053772,"z":0.13573502004146577},"rotation":{"x":0.05042416229844093,"y":-0.7166553735733032,"z":0.051740411669015887,"w":0.6936282515525818},"size":0.26496896147727969,"orthographic":false}