{"cameraMode":{"drawMode":0,"name":"Shaded","section":"Shading Mode"},"sceneLighting":true,"audioPlay":false,"sceneViewState":{"m_AlwaysRefresh":false,"showFog":true,"showSkybox":false,"showFlares":true,"showImageEffects":true,"showParticleSystems":true,"showVisualEffectGraphs":true,"m_FxEnabled":true},"in2DMode":false,"pivot":{"x":1.7916452884674073,"y":5.901763439178467,"z":21.065391540527345},"rotation":{"x":-0.15114153921604157,"y":0.06962776184082031,"z":0.010669714771211148,"w":0.986004650592804},"size":10.449999809265137,"orthographic":false}