{"cameraMode":{"drawMode":0,"name":"Shaded","section":"Shading Mode"},"sceneLighting":true,"audioPlay":false,"sceneViewState":{"m_AlwaysRefresh":false,"showFog":true,"showSkybox":false,"showFlares":true,"showImageEffects":true,"showParticleSystems":true,"showVisualEffectGraphs":true,"m_FxEnabled":true},"in2DMode":false,"pivot":{"x":-1.4094868898391724,"y":1.5281023979187012,"z":11.05786418914795},"rotation":{"x":-0.06631006300449372,"y":-0.08520819246768952,"z":-0.005684214178472757,"w":0.9941462874412537},"size":4.960413932800293,"orthographic":false}