{"cameraMode":{"drawMode":0,"name":"Shaded","section":"Shading Mode"},"sceneLighting":true,"audioPlay":false,"sceneViewState":{"m_AlwaysRefresh":false,"showFog":true,"showSkybox":false,"showFlares":true,"showImageEffects":true,"showParticleSystems":true,"showVisualEffectGraphs":true,"m_FxEnabled":true},"in2DMode":false,"pivot":{"x":-7.8043999671936039,"y":-14.02158260345459,"z":-10.520064353942871},"rotation":{"x":0.10150185972452164,"y":-0.8926103711128235,"z":0.3600423336029053,"w":0.25165146589279177},"size":10.449999809265137,"orthographic":false}