{"cameraMode":{"drawMode":0,"name":"Shaded","section":"Shading Mode"},"sceneLighting":true,"audioPlay":false,"sceneViewState":{"m_AlwaysRefresh":false,"showFog":true,"showSkybox":false,"showFlares":true,"showImageEffects":true,"showParticleSystems":true,"showVisualEffectGraphs":true,"m_FxEnabled":true},"in2DMode":false,"pivot":{"x":-0.4104347229003906,"y":-0.43252408504486086,"z":9.23591423034668},"rotation":{"x":0.05636667460203171,"y":-0.0074889203533530239,"z":0.00042010608012788,"w":0.9983862042427063},"size":4.139176368713379,"orthographic":false}