{"cameraMode":{"drawMode":0,"name":"Shaded","section":"Shading Mode"},"sceneLighting":true,"audioPlay":false,"sceneViewState":{"m_AlwaysRefresh":false,"showFog":true,"showSkybox":false,"showFlares":true,"showImageEffects":true,"showParticleSystems":true,"showVisualEffectGraphs":true,"m_FxEnabled":true},"in2DMode":false,"pivot":{"x":18.76344108581543,"y":0.1320977509021759,"z":51.1422233581543},"rotation":{"x":-0.017057646065950395,"y":0.9689633250236511,"z":0.06988613307476044,"w":0.23650312423706056},"size":0.6196498870849609,"orthographic":true}