{"cameraMode":{"drawMode":0,"name":"Shaded","section":"Shading Mode"},"sceneLighting":true,"audioPlay":false,"sceneViewState":{"m_AlwaysRefresh":false,"showFog":true,"showSkybox":false,"showFlares":true,"showImageEffects":true,"showParticleSystems":true,"showVisualEffectGraphs":true,"m_FxEnabled":true},"in2DMode":false,"pivot":{"x":18.70891761779785,"y":0.07648348808288574,"z":51.22135543823242},"rotation":{"x":-0.18964624404907227,"y":0.001313819782808423,"z":-0.00007077569171087816,"w":-0.9817957282066345},"size":0.5196143984794617,"orthographic":false}