{"cameraMode":{"drawMode":0,"name":"Shaded","section":"Shading Mode"},"sceneLighting":true,"audioPlay":false,"sceneViewState":{"m_AlwaysRefresh":false,"showFog":true,"showSkybox":false,"showFlares":true,"showImageEffects":true,"showParticleSystems":true,"showVisualEffectGraphs":true,"m_FxEnabled":true},"in2DMode":false,"pivot":{"x":18.795846939086915,"y":0.010915517807006836,"z":51.188575744628909},"rotation":{"x":0.013753398321568966,"y":0.9796540141105652,"z":-0.07213430106639862,"w":0.1867797076702118},"size":0.5196143388748169,"orthographic":false}