{"cameraMode":{"drawMode":0,"name":"Shaded","section":"Shading Mode"},"sceneLighting":true,"audioPlay":false,"sceneViewState":{"m_AlwaysRefresh":false,"showFog":true,"showSkybox":false,"showFlares":true,"showImageEffects":true,"showParticleSystems":true,"showVisualEffectGraphs":true,"m_FxEnabled":true},"in2DMode":false,"pivot":{"x":17.37571907043457,"y":0.07185976952314377,"z":50.220680236816409},"rotation":{"x":-0.053279291838407519,"y":-0.6141811609268189,"z":0.04186086356639862,"w":-0.7861826419830322},"size":0.5196143984794617,"orthographic":false}